market,metric_group,field,field_zh,count,missing_count,missing_ratio,mean,std,min,max,range,median,skew,kurtosis,q01,q05,q10,q25,q50,q75,q90,q95,q99
港股,原始字段,open,开盘价,246,0,0.0,67.16016260162603,11.12714474506081,43.1,91.8,48.699999999999996,69.55,-0.3059483964269427,-0.620215906705615,44.457499999999996,46.8875,50.9,59.0,69.55,75.15,79.375,83.025,90.4325
港股,原始字段,high,最高价,246,0,0.0,68.92313008130081,11.562304425675247,44.65,93.5,48.85,70.725,-0.2584259310806289,-0.6011013087945898,45.18,47.5125,52.425,60.45,70.725,77.0,82.125,85.8,92.665
港股,原始字段,low,最低价,246,0,0.0,65.40922764227642,10.567673687057656,41.5,88.65,47.150000000000006,67.975,-0.36689538571612895,-0.6695300024717104,43.3975,46.112500000000004,49.849999999999994,57.6625,67.975,72.925,77.15,80.08749999999999,86.00500000000004
港股,原始字段,close,收盘价,246,0,0.0,67.03418699186992,10.974255697396071,43.3,91.05,47.75,69.0,-0.3119758996491062,-0.6115040252506669,44.1075,47.1375,51.05,59.3,69.0,74.9875,79.375,82.9125,89.58250000000001
港股,原始字段,pre_close,前收盘价,246,0,0.0,66.88906504065041,11.032677008751136,43.3,91.05,47.75,68.9,-0.30871435426596905,-0.618811733097715,44.1075,46.612500000000004,51.0,58.85,68.9,74.925,79.25,82.9125,89.58250000000001
港股,原始字段,change,涨跌额,246,0,0.0,0.1451219512195122,2.584183719334072,-9.0,10.1,19.1,0.07500000000000001,0.12638731897328423,1.3870871134635827,-6.3575,-3.7375,-2.675,-1.3,0.07500000000000001,1.4,3.3,4.75,6.380000000000007
港股,原始字段,pct_chg,日涨跌幅(%),246,0,0.0,0.3062195121951219,3.6883042860804967,-10.07,12.7,22.77,0.13,0.3481161315259174,0.7093199828417123,-7.8975,-5.75,-3.55,-2.025,0.13,2.36,5.0,6.7700000000000005,10.082
港股,原始字段,vol,成交量,246,0,0.0,98128679.24796748,59090041.59504445,7346214.0,371835947.0,364489733.0,81121107.0,1.6048033141305398,3.1415680822047936,20313056.900000002,37118429.75,41117033.0,57657017.25,81121107.0,119584088.0,180985607.5,215798081.75,300499872.4000001
港股,原始字段,amount,成交额,246,0,0.0,6745346910.543659,4672624015.60437,514912195.6,32579806617.8,32064894422.2,5354656026.35,1.9293045419272268,5.203059893022338,1414405760.5525002,2416162580.4875,2610719133.65,3513741623.1125,5354656026.35,8399134133.3,12255236435.42,16316679945.775,22486612731.291527
